brand,avg_compound,avg_rating,n_reviews,pct_positive,pct_neutral,pct_negative
brother,0.09723,3.225,40,0.475,0.15,0.375
cricut,0.7007631578947369,4.947368421052632,38,0.9473684210526315,0.02631578947368421,0.02631578947368421
silhouette,0.45619499999999996,4.125,40,0.75,0.1,0.15
